﻿<?xml version="1.0" encoding="utf-8" standalone="yes" ?>
<Window size="640,455" sizebox="0,0,0,0" caption="0,0,0,180" showshadow="true" shadowimage="shadow.png" shadowcorner="7,7,7,7" bktrans="true">
    <Font id="0" name="微软雅黑" size="14" bold="false" italic="false" default="true"/>
    <Font id="1" name="微软雅黑" size="14" bold="false" italic="false" />
    <Font id="2" name="微软雅黑" size="16" bold="false" italic="false" />
    <Font id="3" name="微软雅黑" size="20" bold="false" italic="false" />
    <Font id="4" name="微软雅黑" size="18" bold="false" italic="false" />
    <Font id="5" name="微软雅黑" size="24" bold="false" italic="false" />
	<Font id="6" name="微软雅黑" size="36" bold="false" italic="false" />
	<Default name="CheckBox" value="textcolor=&quot;#FF9ca1a4&quot; disabledtextcolor=&quot;#FF888888&quot; width=&quot;100&quot; height=&quot;16&quot; textpadding=&quot;20,1,0,0&quot; align=&quot;left&quot; normalimage=&quot;file='checkbox_unchecked_normal.png' dest='0,0,16,16'&quot; hotimage=&quot;file='checkbox_unchecked_hover.png' dest='0,0,16,16'&quot; pushedimage=&quot;file='checkbox_unchecked_pressed.png' dest='0,0,16,16'&quot; disabledimage=&quot;file='check_disable.png' dest='0,0,16,16'&quot; selectedimage=&quot;file='checkbox_checked_normal.png' dest='0,0,16,16'&quot; selectedhotimage=&quot;file='checkbox_checked_hover.png' dest='0,0,16,16'&quot; selectedpushedimage=&quot;file='checkbox_checked_pressed.png' dest='0,0,16,16'&quot; autocalcwidth=&quot;true&quot;"/>
    <VerticalLayout name="bkAnimLayout" bkimage="file='install_first_bg.png' corner='3,3,3,3'" >
        <HorizontalLayout height="18" padding="12,12,12,0">
			<Label  width="18" bkimage="file='tittle_logo.png' corner='3,3,3,3'" />
			<Label  text="政采云投标客户端 V1.0" textcolor="#FF202020" font="1" padding="6,0,0,0"/>
			<Control />
			<Button name="InstallTab_sysMinBtn" width="12" height="12" normalimage="system_min_normal.png" hotimage="system_min_hover.png" pushedimage="system_min_pressed.png" /> 
			<Button name="InstallTab_sysCloseBtn" width="12" height="12" normalimage="system_colse_normal.png" hotimage="system_colse_hover.png" pushedimage="system_colse_pressed.png" padding="12,0,0,0"/> 
		</HorizontalLayout>
        <TabLayout name="WizardTab" padding="0,0,0,0">
            <VerticalLayout>
                <HorizontalLayout height="50" padding="0,253,0,0">
					<Control />
					<Button name="fastInstallBtn" text="快速安装" textcolor="#FFFFFFFF" disabledtextcolor="#FFFFFFFF" width="192"  normalimage="fast_Install_normal.png" hotimage="fast_Install_hover.png" pushedimage="fast_Install_pressed.png" disabledimage="fast_Install_disable.png" font="5" /> 
					<Control />
				</HorizontalLayout>
				<HorizontalLayout height="34" padding="0,15,0,0">
					<Control />
					<Label name="progressDetail" text="安装路径：" textcolor="#FF000000" autocalcwidth="true" Font="2"/>
					<RichEdit name="InstallTab_InstallFilePath" hinttext="普通" textpadding="10,5,0,0" bordersize="0" textcolor="#FF000000" width="300" normalimage="file='edit_normal.png' corner='4,4,4,4'" hotimage="file='edit_hover.png' corner='4,4,4,4'" focusedimage="file='edit_pressed.png' corner='4,4,4,4'" menu="true" padding="5,0,0,0" multiline="false" autohscroll="true"/>
					<Button name="InstallTab_SelectFilePathBtn" text="更改目录" textcolor="#FFFFFFFF" width="96" normalimage="change_folder_normal.png" hotimage="change_folder_hover.png" pushedimage="change_folder_pressed.png"  padding="13,0,0,0" Font="2"/> 
					<Control />
				</HorizontalLayout>
                <HorizontalLayout height="16" padding="0,15,0,0">
					<Control />
                    <CheckBox name="acceptCheckBox" text="同意政采云投标客户端的" textcolor="#FF333333" normalimage="file='checkbox2_unchecked_normal.png' dest='0,0,16,16'" hotimage="file='checkbox2_unchecked_hover.png' dest='0,0,16,16'" pushedimage="file='checkbox2_unchecked_pressed.png' dest='0,0,16,16'" disabledimage="file='check_disable.png' dest='0,0,16,16'" selectedimage="file='checkbox2_checked_normal.png' dest='0,0,16,16'" selectedhotimage="file='checkbox2_checked_hover.png' dest='0,0,16,16'" selectedpushedimage="file='checkbox2_checked_pressed.png' dest='0,0,16,16'" padding="0,0,0,0" selected="false" width="205" />
                    <Button name="acceptBtn" text="用户许可协议" textcolor="#FF2E95F5" width="100" align="left" cursor="hand"/> 
                    <Control />
                </HorizontalLayout>
            </VerticalLayout>
            <VerticalLayout>
				<Progress name="InstallProgressBar" height="13" bkimage="file='progress_gray.png' corner='3,0,7,0'" textcolor="#FF000000" disabledtextcolor="#FFA7A6AA" align="center" foreimage="file='progress_green.png' corner='3,0,70,0'" min="0" max="100" value="0" hor="true"  padding="0,236,0,0"/>
                <HorizontalLayout>
					<Control />
                    <Label name="progressDetail" text="正在安装" textcolor="#FF000000" Font="4" autocalcwidth="true"/>
                    <Label name="progressText" text="0%" textcolor="#FF000000" textpadding="5,0,0,0" Font="4"/>
                    <Control />
                </HorizontalLayout>
                <Control />
            </VerticalLayout>
            <VerticalLayout>
                <HorizontalLayout height="36" padding="0,63,0,0">
					<Control />
					<Label  width="36" bkimage="file='install_success_tip.png' corner='3,3,3,3'" />
					<Label  text="恭喜您，安装成功" textcolor="#FF3177FD" font="6" padding="12,0,0,0" autocalcwidth="true" />
					<Control />
				</HorizontalLayout>
				<HorizontalLayout padding="0,7,0,0">
					<Control />
					<VerticalLayout width="250" padding="0,7,0,0">
						<CheckBox name="autoRunCheckBox" text="开机自启动" textcolor="#FF333333"  selected="true"/>
						<CheckBox name="deskShortCheckBox" text="创建桌面快捷方式" textcolor="#FF333333" selected="true" padding="0,4,0,0"/>
						<CheckBox name="pinShortCheckBox" text="锁定到任务栏" textcolor="#FF333333" selected="true" padding="0,4,0,0"/>
					</VerticalLayout>
					<Control />
				</HorizontalLayout>
                <HorizontalLayout>
                    <Control />
                    <Button name="Install_run_Btn" text="立即体验" textcolor="#FFFFFFFF" disabledtextcolor="#FFA7A6AA" width="176" height="46" normalimage="fast_Install_normal.png" hotimage="fast_Install_hover.png" pushedimage="fast_Install_pressed.png" disabledimage="fast_Install_disable.png" font="3" /> 
					<Button name="Install_close_Btn" text="安装完成" textcolor="#FFFFFFFF" disabledtextcolor="#FFA7A6AA" width="176" height="46" normalimage="install_success_normal.png" hotimage="install_success_hover.png" pushedimage="install_success_pressed.png" disabledimage="fast_Install_disable.png" font="3" padding="17,0,0,0"/> 
                    <Control />
                </HorizontalLayout>
                <Control />
            </VerticalLayout>
        </TabLayout>
    </VerticalLayout>
</Window>
